-- Create the Watches table
CREATE TABLE Watches (
    WatchID INT PRIMARY KEY,
    BrandID INT,
    Model VARCHAR(100),
    Price DECIMAL(10, 2),
    ManufactureDate DATE,
    FOREIGN KEY (BrandID) REFERENCES Brands(BrandID)
);

-- Create the Brands table
CREATE TABLE Brands (
    BrandID INT PRIMARY KEY,
    BrandName VARCHAR(100),
    Country VARCHAR(50)
);

-- Create the Customers table
CREATE TABLE Customers (
    CustomerID INT PRIMARY KEY,
    FirstName VARCHAR(50),
    LastName VARCHAR(50),
    Email VARCHAR(100),
    ContactNumber VARCHAR(15)
);

-- Create the Sales table
CREATE TABLE Sales (
    SaleID INT PRIMARY KEY,
    WatchID INT,
    CustomerID INT,
    SaleDate DATE,
    Quantity INT,
    TotalPrice DECIMAL(10, 2),
    FOREIGN KEY (WatchID) REFERENCES Watches(WatchID),
    FOREIGN KEY (CustomerID) REFERENCES Customers(CustomerID)
);

-- Create the Maintenance table
CREATE TABLE Maintenance (
    MaintenanceID INT PRIMARY KEY,
    WatchID INT,
    ServiceDate DATE,
    ServiceDescription VARCHAR(255),
    Cost DECIMAL(10, 2),
    FOREIGN KEY (WatchID) REFERENCES Watches(WatchID)
);

-- Insert sample data into Brands table
INSERT INTO Brands (BrandID, BrandName, Country) VALUES
(1, 'Rolex', 'Switzerland'),
(2,'Omega', 'Switzerland'),
(3, 'Tag Heuer', 'Switzerland'),
(4, 'Casio', 'Japan'),
(5, 'Seiko', 'Japan'),
(6, 'Tissot', 'Switzerland'),
(7, 'Breitling', 'Switzerland'),
(8,'Hamilton','USA'),
(9, 'Citizen', 'Japan'),
(10, 'Longines', 'Switzerland');


-- Insert sample data into Watches table
INSERT INTO Watches (WatchID, BrandID, Model, Price, ManufactureDate) VALUES
(1, 1, 'Submariner', 7500.00, '2022-01-15'),
(2, 2, 'Speedmaster', 5500.00, '2022-03-18'),
(3, 3, 'Prospex', 1200.00, '2022-05-25'),
(4, 4, 'G-Shock', 150.00, '2022-07-12'),
(5, 5, 'Carrera', 5000.00, '2022-09-20'),
(6, 1, 'Daytona', 13500.00, '2022-11-22'),
(7, 2, 'Seamaster', 4200.00, '2023-01-10'),
(8, 3, 'Presage', 900.00, '2023-02-14'),
(9, 4, 'Edifice', 200.00, '2023-03-01'),
(10, 5, 'Monaco', 4500.00, '2023-04-18'),
(11, 1, 'Explorer', 8000.00, '2023-05-25'),
(12, 2, 'Constellation', 6800.00, '2023-06-30'),
(13, 3, 'Astron', 1600.00, '2023-07-10'),
(14, 4, 'Pro Trek', 300.00, '2023-08-20'),
(15, 5, 'Aquaracer', 3700.00, '2023-09-15'),
(16, 1, 'GMT-Master', 9200.00, '2023-10-05'),
(17, 2, 'De Ville', 4800.00, '2023-11-12'),
(18, 3, 'Turtle', 1300.00, '2023-12-18'),
(19, 4, 'Wave Ceptor', 100.00, '2023-12-20'),
(20, 5, 'Link', 3300.00, '2024-01-08'),
(21, 1, 'Oyster Perpetual', 7700.00, '2024-01-15'),
(22, 2, 'Planet Ocean', 7500.00, '2024-02-28'),
(23, 3, 'Alpinist', 700.00, '2024-03-18'),
(24, 4, 'Databank', 120.00, '2024-04-05'),
(25, 5, 'Formula 1', 2900.00, '2024-05-20'),
(26, 1, 'Sky-Dweller', 14000.00, '2024-06-10'),
(27, 2, 'Railmaster', 4100.00, '2024-07-12'),
(28, 3, 'Samurai', 1100.00, '2024-08-05'),
(29, 4, 'Classic', 80.00, '2024-09-15'),
(30, 5, 'Grand Carrera', 6200.00, '2024-10-20'),
(31, 1, 'Milgauss', 8200.00, '2024-11-11'),
(32, 2, 'Aqua Terra', 6900.00, '2024-12-22'),
(33, 3, 'Kinetic', 1000.00, '2025-01-15'),
(34, 4, 'Illuminator', 50.00, '2025-02-18'),
(35, 5, 'Heritage', 5400.00, '2025-03-25'),
(36, 1, 'Cellini', 16000.00, '2025-04-10'),
(37, 2, 'Bullhead', 4600.00, '2025-05-20'),
(38, 3, 'Monster', 1400.00, '2025-06-15'),
(39, 4, 'Sheen', 70.00, '2025-07-01'),
(40, 5, 'Professional', 5800.00, '2025-08-18'),
(41, 1, 'Pearlmaster', 12500.00, '2025-09-15'),
(42, 2, 'X-33', 7200.00, '2025-10-20'),
(43, 3, '5 Sports', 900.00, '2025-11-10'),
(44, 4, 'Analog', 30.00, '2025-12-01'),
(45, 5, 'Autavia', 3700.00, '2026-01-12'),
(46, 1, 'Yacht-Master', 11000.00, '2026-02-22'),
(47, 2, 'Chronoscope', 4500.00, '2026-03-15'),
(48, 3, 'Baby Tuna', 1600.00, '2026-04-18'),
(49, 4, 'Baby-G', 60.00, '2026-05-05'),
(50, 5, 'Silverstone', 4900.00, '2026-06-10'),
(51, 1, 'Sea-Dweller', 9600.00, '2026-07-12'),
(52, 2, 'Geneve', 5800.00, '2026-08-01'),
(53, 3, 'Flightmaster', 1300.00, '2026-09-15'),
(54, 4, 'Classic Digital', 40.00, '2026-10-20'),
(55, 5, 'Super Professional', 5200.00, '2026-11-18'),
(56, 1, 'Day-Date', 13200.00, '2026-12-15'),
(57, 2, 'Seamaster 300', 7800.00, '2027-01-10'),
(58, 3, 'SARB033', 600.00, '2027-02-14'),
(59, 4, 'Casio F91W', 20.00, '2027-03-01'),
(60, 5, 'Mikrograph', 6100.00, '2027-04-18'),
(61, 1, 'Explorer II', 9000.00, '2027-05-25'),
(62, 2, 'Museum', 5300.00, '2027-06-30'),
(63, 3, '5X Series', 1500.00, '2027-07-10'),
(64, 4, 'Duro', 50.00, '2027-08-20'),
(65, 5, 'Aquaracer 300', 4300.00, '2027-09-15'),
(66, 1, 'Air-King', 7400.00, '2027-10-05'),
(67, 2, 'Globemaster', 6500.00, '2027-11-12'),
(68, 3, 'Marinemaster', 2000.00, '2027-12-18'),
(69, 4, 'Casioak', 80.00, '2027-12-20'),
(70, 5, 'Carrera Chronograph', 4600.00, '2028-01-08'),
(71, 1, 'Lady-Datejust', 6800.00, '2028-01-15'),
(72, 2, 'Dark Side of the Moon', 8200.00, '2028-02-28'),
(73, 3, 'Tuna', 1700.00, '2028-03-18'),
(74, 4, 'G-Steel', 120.00, '2028-04-05'),
(75, 5, 'Connected', 3200.00, '2028-05-20'),
(76, 1, 'President', 14500.00, '2028-06-10'),
(77, 2, 'Ceragold', 4000.00, '2028-07-12'),
(78, 3, 'Prospex LX', 2500.00, '2028-08-05'),
(79, 4, 'WSD-F30', 400.00, '2028-09-15'),
(80, 5, 'Carrera Heuer 02', 6700.00, '2028-10-20'),
(81, 1, 'Pearlmaster 39', 18000.00, '2028-11-11'),
(82, 2, 'Spacemaster', 7300.00, '2028-12-22'),
(83, 3, 'Marine', 1200.00, '2029-01-15'),
(84, 4, 'G-Squad', 70.00, '2029-02-18'),
(85, 5, 'Aquagraph', 6200.00, '2029-03-25'),
(86, 1, 'Oysterquartz', 10500.00, '2029-04-10'),
(87, 2, 'Seamaster Aqua Terra', 7600.00, '2029-05-20'),
(88, 3, 'Beams', 1300.00, '2029-06-15'),
(89, 4, 'G-MS', 90.00, '2029-07-01'),
(90, 5, 'Monaco Bamford', 4900.00, '2029-08-18'),
(91, 1, 'Datejust 36', 9600.00, '2029-09-15'),
(92, 2, 'Co-Axial', 5000.00, '2029-10-20'),
(93, 3, 'Shogun', 1600.00, '2029-11-10'),
(94, 4, 'A168', 30.00, '2029-12-01'),
(95, 5, 'CARRERA Porsche', 7800.00, '2030-01-12'),
(96, 1, 'Sky-Dweller 42', 13500.00, '2030-02-22'),
(97, 2, 'Speedmaster Moonwatch', 8500.00, '2030-03-15'),
(98, 3, 'Zimbe', 1800.00, '2030-04-18'),
(99, 4, 'B650', 60.00, '2030-05-05'),
(100, 5, 'Link Calibre', 5200.00, '2030-06-10');


-- Insert sample data into Customers table
INSERT INTO Customers (CustomerID, FirstName, LastName, Email, ContactNumber) VALUES
(1, 'John', 'Doe', 'john.doe@example.com', '1234567890'),
(2, 'Jane', 'Smith', 'jane.smith@example.com', '0987654321'),
(3, 'Alice', 'Johnson', 'alice.johnson@example.com', '2345678901'),
(4, 'Bob', 'Brown', 'bob.brown@example.com', '3456789012'),
(5, 'Charlie', 'Davis', 'charlie.davis@example.com', '4567890123'),
(6, 'Emily', 'Wilson', 'emily.wilson@example.com', '5678901234'),
(7, 'David', 'Martinez', 'david.martinez@example.com', '6789012345'),
(8, 'Olivia', 'Taylor', 'olivia.taylor@example.com', '7890123456'),
(9, 'James', 'Miller', 'james.miller@example.com', '8901234567'),
(10, 'Emma', 'Anderson', 'emma.anderson@example.com', '9012345678'),
(11, 'Michael', 'Garcia', 'michael.garcia@example.com', '0123456789'),
(12, 'Sophia', 'Lopez', 'sophia.lopez@example.com', '1357924680'),
(13, 'Matthew', 'Hernandez', 'matthew.hernandez@example.com', '2468013579'),
(14, 'Ava', 'Hill', 'ava.hill@example.com', '3579246801'),
(15, 'William', 'Young', 'william.young@example.com', '4680135792'),
(16, 'Isabella', 'King', 'isabella.king@example.com', '5792468013'),
(17, 'Daniel', 'Wright', 'daniel.wright@example.com', '6801357924'),
(18, 'Mia', 'Adams', 'mia.adams@example.com', '7913579246'),
(19, 'Alexander', 'Nelson', 'alexander.nelson@example.com', '8024680135'),
(20, 'Ethan', 'Baker', 'ethan.baker@example.com', '9135792468'),
(21, 'Charlotte', 'Perez', 'charlotte.perez@example.com', '0246801357'),
(22, 'Elijah', 'Roberts', 'elijah.roberts@example.com', '1357924680'),
(23, 'Amelia', 'Turner', 'amelia.turner@example.com', '2468013579'),
(24, 'Benjamin', 'Campbell', 'benjamin.campbell@example.com', '3579246801'),
(25, 'Abigail', 'Parker', 'abigail.parker@example.com', '4680135792'),
(26, 'Lucas', 'Evans', 'lucas.evans@example.com', '5792468013'),
(27, 'Grace', 'Edwards', 'grace.edwards@example.com', '6801357924'),
(28, 'Oliver', 'Collins', 'oliver.collins@example.com', '7913579246'),
(29, 'Avery', 'Stewart', 'avery.stewart@example.com', '8024680135'),
(30, 'Liam', 'Sanchez', 'liam.sanchez@example.com', '9135792468'),
(31, 'Ella', 'Morris', 'ella.morris@example.com', '0246801357'),
(32, 'Jackson', 'Rogers', 'jackson.rogers@example.com', '1357924680'),
(33, 'Sofia', 'Reed', 'sofia.reed@example.com', '2468013579'),
(34, 'Aiden', 'Cook', 'aiden.cook@example.com', '3579246801'),
(35, 'Scarlett', 'Morgan', 'scarlett.morgan@example.com', '4680135792'),
(36, 'Lucy', 'Bell', 'lucy.bell@example.com', '5792468013'),
(37, 'Carter', 'Murphy', 'carter.murphy@example.com', '6801357924'),
(38, 'Luke', 'Bailey', 'luke.bailey@example.com', '7913579246'),
(39, 'Zoe', 'Rivera', 'zoe.rivera@example.com', '8024680135'),
(40, 'Henry', 'Cooper', 'henry.cooper@example.com', '9135792468'),
(41, 'Madison', 'Richardson', 'madison.richardson@example.com', '0246801357'),
(42, 'Gabriel', 'Cox', 'gabriel.cox@example.com', '1357924680'),
(43, 'Evelyn', 'Howard', 'evelyn.howard@example.com', '2468013579'),
(44, 'Wyatt', 'Ward', 'wyatt.ward@example.com', '3579246801'),
(45, 'Chloe', 'Torres', 'chloe.torres@example.com', '4680135792'),
(46, 'Joshua', 'Peterson', 'joshua.peterson@example.com', '5792468013'),
(47, 'Addison', 'Gray', 'addison.gray@example.com', '6801357924'),
(48, 'Natalie', 'Ramirez', 'natalie.ramirez@example.com', '7913579246'),
(49, 'Hudson', 'James', 'hudson.james@example.com', '8024680135'),
(50, 'Leah', 'Watson', 'leah.watson@example.com', '9135792468'),
(51, 'Aubrey', 'Long', 'aubrey.long@example.com', '0246801357'),
(52, 'Caleb', 'Foster', 'caleb.foster@example.com', '1357924680'),
(53, 'Harper', 'Sanders', 'harper.sanders@example.com', '2468013579'),
(54, 'Grayson', 'Price', 'grayson.price@example.com', '3579246801'),
(55, 'Aurora', 'Ross', 'aurora.ross@example.com', '4680135792'),
(56, 'Nolan', 'James', 'nolan.james@example.com', '5792468013'),
(57, 'Bella', 'Stevens', 'bella.stevens@example.com', '6801357924'),
(58, 'Lily', 'Simmons', 'lily.simmons@example.com', '7913579246'),
(59, 'Lincoln', 'Flores', 'lincoln.flores@example.com', '8024680135'),
(60, 'Anna', 'Wood', 'anna.wood@example.com', '9135792468'),
(61, 'Carson', 'Washington', 'carson.washington@example.com', '0246801357'),
(62, 'Brooklyn', 'Ortiz', 'brooklyn.ortiz@example.com', '1357924680'),
(63, 'Samantha', 'Cole', 'samantha.cole@example.com', '2468013579'),
(64, 'Eli', 'Reyes', 'eli.reyes@example.com', '3579246801'),
(65, 'Victoria', 'Morgan', 'victoria.morgan@example.com', '4680135792'),
(66, 'Christian', 'Barnes', 'christian.barnes@example.com', '5792468013'),
(67, 'Zoey', 'Gonzalez', 'zoey.gonzalez@example.com', '6801357924'),
(68, 'Hunter', 'Lee', 'hunter.lee@example.com', '7913579246'),
(69, 'Penelope', 'Scott', 'penelope.scott@example.com', '8024680135'),
(70, 'Mateo', 'Green', 'mateo.green@example.com', '9135792468'),
(71, 'Riley', 'Adams', 'riley.adams@example.com', '0246801357'),
(72, 'Luna', 'Carter', 'luna.carter@example.com', '1357924680'),
(73, 'Landon', 'Gutierrez', 'landon.gutierrez@example.com', '2468013579'),
(74, 'Elena', 'Price', 'elena.price@example.com', '3579246801'),
(75, 'Gabriel', 'Coleman', 'gabriel.coleman@example.com', '4680135792'),
(76, 'Isla', 'Morales', 'isla.morales@example.com', '5792468013'),
(77, 'Asher', 'Bishop', 'asher.bishop@example.com', '6801357924'),
(78, 'Clara', 'Harper', 'clara.harper@example.com', '7913579246'),
(79, 'Camila', 'Andrews', 'camila.andrews@example.com', '8024680135'),
(80, 'Jackson', 'Woods', 'jackson.woods@example.com', '9135792468'),
(81, 'Madelyn', 'Palmer', 'madelyn.price@example.com', '9874563219'),
(82, 'Nathan', 'Mitchell', 'nathan.mitchell@example.com', '0246801357'),
(83, 'Ellie', 'Knight', 'ellie.knight@example.com', '1357924680'),
(84, 'Mason', 'Rose', 'mason.rose@example.com', '2468013579'),
(85, 'Hannah', 'Russell', 'hannah.russell@example.com', '3579246801'),
(86, 'Andrew', 'Griffin', 'andrew.griffin@example.com', '4680135792'),
(87, 'Aria', 'Diaz', 'aria.diaz@example.com', '5792468013'),
(88, 'Evan', 'Hayes', 'evan.hayes@example.com', '6801357924'),
(89, 'Lillian', 'Henderson', 'lillian.henderson@example.com', '7913579246'),
(90, 'Muhammad', 'Ford', 'muhammad.ford@example.com', '8024680135'),
(91, 'Skylar', 'Bryant', 'skylar.bryant@example.com', '9135792468'),
(92, 'Aiden', 'Alexander', 'aiden.alexander@example.com', '0246801357'),
(93, 'Stella', 'Grant', 'stella.grant@example.com', '1357924680'),
(94, 'Jack', 'Russell', 'jack.russell@example.com', '2468013579'),
(95, 'Nora', 'West', 'nora.west@example.com', '3579246801'),
(96, 'Matthew', 'Cole', 'matthew.cole@example.com', '4680135792'),
(97, 'Mila', 'Foster', 'mila.foster@example.com', '5792468013'),
(98, 'Jayden', 'Simmons', 'jayden.simmons@example.com', '6801357924'),
(99, 'Sarah', 'Fisher', 'sarah.fisher@example.com', '7913579246'),
(100, 'Eliana', 'Morris', 'eliana.morris@example.com', '8024680135');



-- Insert sample data into Sales table
INSERT INTO Sales (SaleID, WatchID, CustomerID, SaleDate, Quantity, TotalPrice) VALUES
(6, 1, 6, '2023-06-20', 1, 7500.00),
(7, 2, 7, '2023-07-21', 1, 5500.00),
(8, 3, 8, '2023-08-22', 2, 2400.00),
(9, 4, 9, '2023-09-23', 3, 450.00),
(10, 5, 10, '2023-10-24', 1, 5000.00),
(11, 1, 11, '2023-11-25', 1, 7500.00),
(12, 2, 12, '2023-12-26', 1, 5500.00),
(13, 3, 13, '2024-01-27', 2, 2400.00),
(14, 4, 14, '2024-02-28', 3, 450.00),
(15, 5, 15, '2024-03-29', 1, 5000.00),
(16, 1, 16, '2024-04-30', 1, 7500.00),
(17, 2, 17, '2024-05-31', 1, 5500.00),
(18, 3, 18, '2024-06-01', 2, 2400.00),
(19, 4, 19, '2024-07-02', 3, 450.00),
(20, 5, 20, '2024-08-03', 1, 5000.00),
(21, 1, 21, '2024-09-04', 1, 7500.00),
(22, 2, 22, '2024-10-05', 1, 5500.00),
(23, 3, 23, '2024-11-06', 2, 2400.00),
(24, 4, 24, '2024-12-07', 3, 450.00),
(25, 5, 25, '2025-01-08', 1, 5000.00),
(26, 1, 26, '2025-02-09', 1, 7500.00),
(27, 2, 27, '2025-03-10', 1, 5500.00),
(28, 3, 28, '2025-04-11', 2, 2400.00),
(29, 4, 29, '2025-05-12', 3, 450.00),
(30, 5, 30, '2025-06-13', 1, 5000.00),
(31, 1, 31, '2025-07-14', 1, 7500.00),
(32, 2, 32, '2025-08-15', 1, 5500.00),
(33, 3, 33, '2025-09-16', 2, 2400.00),
(34, 4, 34, '2025-10-17', 3, 450.00),
(35, 5, 35, '2025-11-18', 1, 5000.00),
(36, 1, 36, '2025-12-19', 1, 7500.00),
(37, 2, 37, '2026-01-20', 1, 5500.00),
(38, 3, 38, '2026-02-21', 2, 2400.00),
(39, 4, 39, '2026-03-22', 3, 450.00),
(40, 5, 40, '2026-04-23', 1, 5000.00),
(41, 1, 41, '2026-05-24', 1, 7500.00),
(42, 2, 42, '2026-06-25', 1, 5500.00),
(43, 3, 43, '2026-07-26', 2, 2400.00),
(44, 4, 44, '2026-08-27', 3, 450.00),
(45, 5, 45, '2026-09-28', 1, 5000.00),
(46, 1, 46, '2026-10-29', 1, 7500.00),
(47, 2, 47, '2026-11-30', 1, 5500.00),
(48, 3, 48, '2026-12-31', 2, 2400.00),
(49, 4, 49, '2027-01-01', 3, 450.00),
(50, 5, 50, '2027-02-02', 1, 5000.00),
(51, 1, 51, '2027-03-03', 1, 7500.00),
(52, 2, 52, '2027-04-04', 1, 5500.00),
(53, 3, 53, '2027-05-05', 2, 2400.00),
(54, 4, 54, '2027-06-06', 3, 450.00),
(55, 5, 55, '2027-07-07', 1, 5000.00),
(56, 1, 56, '2027-08-08', 1, 7500.00),
(57, 2, 57, '2027-09-09', 1, 5500.00),
(58, 3, 58, '2027-10-10', 2, 2400.00),
(59, 4, 59, '2027-11-11', 3, 450.00),
(60, 5, 60, '2027-12-12', 1, 5000.00),
(61, 1, 61, '2028-01-13', 1, 7500.00),
(62, 2, 62, '2028-02-14', 1, 5500.00),
(63, 3, 63, '2028-03-15', 2, 2400.00),
(64, 4, 64, '2028-04-16', 3, 450.00),
(65, 5, 65, '2028-05-17', 1, 5000.00),
(66, 1, 66, '2028-06-18', 1, 7500.00),
(67, 2, 67, '2028-07-19', 1, 5500.00),
(68, 3, 68, '2028-08-20', 2, 2400.00),
(69, 4, 69, '2028-09-21', 3, 450.00),
(70, 5, 70, '2028-10-22', 1, 5000.00),
(71, 1, 71, '2028-11-23', 1, 7500.00),
(72, 2, 72, '2028-12-24', 1, 5500.00),
(73, 3, 73, '2029-01-25', 2, 2400.00),
(74, 4, 74, '2029-02-26', 3, 450.00),
(75, 5, 75, '2029-03-27', 1, 5000.00),
(76, 1, 76, '2029-04-28', 1, 7500.00),
(77, 2, 77, '2029-05-29', 1, 5500.00),
(78, 3, 78, '2029-06-30', 2, 2400.00),
(79, 4, 79, '2029-07-31', 3, 450.00),
(80, 5, 80, '2029-08-01', 1, 5000.00),
(81, 1, 81, '2029-09-02', 1, 7500.00),
(82, 2, 82, '2029-10-03', 1, 5500.00),
(83, 83, 83, '2029-11-04', 2, 2400.00),
(84, 84, 84, '2029-12-05', 3, 450.00),
(85, 85, 85, '2030-01-06', 1, 5000.00),
(86, 86, 86, '2030-02-07', 1, 7500.00),
(87, 87, 87, '2030-03-08', 1, 5500.00),
(88, 88, 88, '2030-04-09', 2, 2400.00),
(89, 89, 89, '2030-05-10', 3, 450.00),
(90, 90, 90, '2030-06-11', 1, 5000.00),
(91, 91, 91, '2030-07-12', 1, 7500.00),
(92, 92, 92, '2030-08-13', 1, 5500.00),
(93, 93, 93, '2030-09-14', 2, 2400.00),
(94, 94, 94, '2030-10-15', 3, 450.00),
(95, 95, 95, '2030-11-16', 1, 5000.00),
(96, 96, 96, '2030-12-17', 1, 7500.00),
(97, 97, 97, '2031-01-18', 1, 5500.00),
(98, 98, 98, '2031-02-19', 2, 2400.00),
(99, 99, 99, '2031-03-20', 3, 450.00),
(100, 100, 100, '2031-04-21', 1, 5000.00);

-- Insert sample data into Maintenance table
INSERT INTO Maintenance (MaintenanceID, WatchID, ServiceDate, ServiceDescription, Cost) VALUES
(1, 1, '2023-06-15', 'Battery replacement', 50.00),
(2, 2, '2023-07-16', 'Strap adjustment', 25.00),
(3, 3, '2023-08-17', 'Cleaning service', 75.00),
(4, 4, '2023-09-18', 'Glass replacement', 100.00),
(5, 5, '2023-10-19', 'Full service', 300.00),
(6, 6, '2023-11-20', 'Battery replacement', 50.00),
(7, 7, '2023-12-21', 'Strap adjustment', 25.00),
(8, 8, '2024-01-22', 'Cleaning service', 75.00),
(9, 9, '2024-02-23', 'Glass replacement', 100.00),
(10, 10, '2024-03-24', 'Full service', 300.00),
(11, 11, '2024-04-25', 'Battery replacement', 50.00),
(12, 12, '2024-05-26', 'Strap adjustment', 25.00),
(13, 13, '2024-06-27', 'Cleaning service', 75.00),
(14, 14, '2024-07-28', 'Glass replacement', 100.00),
(15, 15, '2024-08-29', 'Full service', 300.00),
(16, 16, '2024-09-30', 'Battery replacement', 50.00),
(17, 17, '2024-10-31', 'Strap adjustment', 25.00),
(18, 18, '2024-11-01', 'Cleaning service', 75.00),
(19, 19, '2024-12-02', 'Glass replacement', 100.00),
(20, 20, '2025-01-03', 'Full service', 300.00),
(21, 21, '2025-02-04', 'Battery replacement', 50.00),
(22, 22, '2025-03-05', 'Strap adjustment', 25.00),
(23, 23, '2025-04-06', 'Cleaning service', 75.00),
(24, 24, '2025-05-07', 'Glass replacement', 100.00),
(25, 25, '2025-06-08', 'Full service', 300.00),
(26, 26, '2025-07-09', 'Battery replacement', 50.00),
(27, 27, '2025-08-10', 'Strap adjustment', 25.00),
(28, 28, '2025-09-11', 'Cleaning service', 75.00),
(29, 29, '2025-10-12', 'Glass replacement', 100.00),
(30, 30, '2025-11-13', 'Full service', 300.00),
(31, 31, '2025-12-14', 'Battery replacement', 50.00),
(32, 32, '2026-01-15', 'Strap adjustment', 25.00),
(33, 33, '2026-02-16', 'Cleaning service', 75.00),
(34, 34, '2026-03-17', 'Glass replacement', 100.00),
(35, 35, '2026-04-18', 'Full service', 300.00),
(36, 36, '2026-05-19', 'Battery replacement', 50.00),
(37, 37, '2026-06-20', 'Strap adjustment', 25.00),
(38, 38, '2026-07-21', 'Cleaning service', 75.00),
(39, 39, '2026-08-22', 'Glass replacement', 100.00),
(40, 40, '2026-09-23', 'Full service', 300.00),
(41, 41, '2026-10-24', 'Battery replacement', 50.00),
(42, 42, '2026-11-25', 'Strap adjustment', 25.00),
(43, 43, '2026-12-26', 'Cleaning service', 75.00),
(44, 44, '2027-01-27', 'Glass replacement', 100.00),
(45, 45, '2027-02-28', 'Full service', 300.00),
(46, 46, '2027-03-01', 'Battery replacement', 50.00),
(47, 47, '2027-04-02', 'Strap adjustment', 25.00),
(48, 48, '2027-05-03', 'Cleaning service', 75.00),
(49, 49, '2027-06-04', 'Glass replacement', 100.00),
(50, 50, '2027-07-05', 'Full service', 300.00),
(51, 51, '2027-08-06', 'Battery replacement', 50.00),
(52, 52, '2027-09-07', 'Strap adjustment', 25.00),
(53, 53, '2027-10-08', 'Cleaning service', 75.00),
(54, 54, '2027-11-09', 'Glass replacement', 100.00),
(55, 55, '2027-12-10', 'Full service', 300.00),
(56, 56, '2028-01-11', 'Battery replacement', 50.00),
(57, 57, '2028-02-12', 'Strap adjustment', 25.00),
(58, 58, '2028-03-13', 'Cleaning service', 75.00),
(59, 59, '2028-04-14', 'Glass replacement', 100.00),
(60, 60, '2028-05-15', 'Full service', 300.00),
(61, 61, '2028-06-16', 'Battery replacement', 50.00),
(62, 62, '2028-07-17', 'Strap adjustment', 25.00),
(63, 63, '2028-08-18', 'Cleaning service', 75.00),
(64, 64, '2028-09-19', 'Glass replacement', 100.00),
(65, 65, '2028-10-20', 'Full service', 300.00),
(66, 66, '2028-11-21', 'Battery replacement', 50.00),
(67, 67, '2028-12-22', 'Strap adjustment', 25.00),
(68, 68, '2029-01-23', 'Cleaning service', 75.00),
(69, 69, '2029-02-24', 'Glass replacement', 100.00),
(70, 70, '2029-03-25', 'Full service', 300.00),
(71, 71, '2029-04-26', 'Battery replacement', 50.00),
(72, 72, '2029-05-27', 'Strap adjustment', 25.00),
(73, 73, '2029-06-28', 'Cleaning service', 75.00),
(74, 74, '2029-07-29', 'Glass replacement', 100.00),
(75, 75, '2029-08-30', 'Full service', 300.00),
(76, 76, '2029-09-01', 'Battery replacement', 50.00),
(77, 77, '2029-10-02', 'Strap adjustment', 25.00),
(78, 78, '2029-11-03', 'Cleaning service', 75.00),
(79, 79, '2029-12-04', 'Glass replacement', 100.00),
(80, 80, '2030-01-05', 'Full service', 300.00),
(81, 81, '2030-02-06', 'Battery replacement', 50.00),
(82, 82, '2030-03-07', 'Strap adjustment', 25.00),
(83, 83, '2030-04-08', 'Cleaning service', 75.00),
(84, 84, '2030-05-09', 'Glass replacement', 100.00),
(85, 85, '2030-06-10', 'Full service', 300.00),
(86, 86, '2030-07-11', 'Battery replacement', 50.00),
(87, 87, '2030-08-12', 'Strap adjustment', 25.00),
(88, 88, '2030-09-13', 'Cleaning service', 75.00),
(89, 89, '2030-10-14', 'Glass replacement', 100.00),
(90, 90, '2030-11-15', 'Full service', 300.00),
(91, 91, '2030-12-16', 'Battery replacement', 50.00),
(92, 92, '2031-01-17', 'Strap adjustment', 25.00),
(93, 93, '2031-02-18', 'Cleaning service', 75.00),
(94, 94, '2031-03-19', 'Glass replacement', 100.00),
(95, 95, '2031-04-20', 'Full service', 300.00),
(96, 96, '2031-05-21', 'Battery replacement', 50.00),
(97, 97, '2031-06-22', 'Strap adjustment', 25.00),
(98, 98, '2031-07-23', 'Cleaning service', 75.00),
(99, 99, '2031-08-24', 'Glass replacement', 100.00),
(100, 100, '2031-09-25', 'Full service', 300.00);

--------------------THE END----------------------------